id,section,excerpt,status,pointer
C1,3.1.2,verify that observed discharge and stage fall,Proposed,
C2,3.1.3,designed to prevent temporal leakage and lookahead bias,Specified,proposal.tex#3.1.3
C3,3.1.3,the loader will store a publication or retrieval timestamp,Proposed,
C4,3.1.3,drop any observation where,Proposed,
C5,3.1.3,i enforce a strict chronological cutoff,Proposed,
C6,3.1.3,prevents both temporal lookahead and spatial cross-contamination,Specified,proposal.tex#3.1.3
C7,3.2.1,pinned to ensure reproducible execution across workstations,Specified,requirements.txt:1
C8,4.2,safeguards designed to ensure scientific transparency,Specified,proposal.tex#4.2
C9,4.2,timing pilot to verify that pretraining converges,Proposed,
